id,WorkflowInstanceID,WorkflowID,JobRunID,JobStarted,GermlineVariantCallBenchmark.truthCodingExonsBED,GermlineVariantCallBenchmark.truthWholeExomeBED,GermlineVariantCallBenchmark.truthCodingExonsVCF,GermlineVariantCallBenchmark.workflow_identifier,GermlineVariantCallBenchmark.indelSizeDistributionSuffix,GermlineVariantCallBenchmark.indelSizeDistributionPlotSuffix,GermlineVariantCallBenchmark.WholeExomePrefix,GermlineVariantCallBenchmark.referenceFasta,GermlineVariantCallBenchmark.truthWholeExomeVCF,GermlineVariantCallBenchmark.queryVCF,GermlineVariantCallBenchmark.job_id,GermlineVariantCallBenchmark.Rscript_aggregate,GermlineVariantCallBenchmark.chrRemovedVCF_fileSuffix,GermlineVariantCallBenchmark.codingExonsPrefix,GermlineVariantCallBenchmark.referenceFasta_indexed,GermlineVariantCallBenchmark.Rscript_indelSize,GermlineVariantCallBenchmark.indelDistributionSuffix,GermlineVariantCallBenchmark.outputFile_commonPrefix,GermlineVariantCallBenchmark.workflow_instance_identifier,GermlineVariantCallBenchmark.consoleOutputPartialFilename,FP.gt,QUERY.TOTAL.TiTv_ratio,TRUTH.TOTAL,QUERY.UNK,METRIC.Precision,TRUTH.TOTAL.het_hom_ratio,Type,Filter,METRIC.Recall,QUERY.TOTAL,TRUTH.FN,QUERY.TOTAL.het_hom_ratio,TRUTH.TP,FP.al,METRIC.Frac_NA,Region,TRUTH.TOTAL.TiTv_ratio,QUERY.FP,METRIC.F1_Score
41,WF_b1de70.e6.95b8,WF_b1de70.e6,01eda124-2704-44a9-a79e-3d8794989dbb,"Thu, 17 Jun 2021 21:56:40 GMT",gs://benchmarking-datasets/codingexons.nochr.bed,gs://benchmarking-datasets/HG002_GIAB_highconf_CG-IllFB-IllGATKHC-Ion-Solid-10X_CHROM1-22_v3.3_highconf.bed,gs://benchmarking-datasets/Truth.highconf.CodingExons.vcf.gz,WF_b1de70.e6,_indelSizeDistribution.txt,_indelSizeDistributionPlot.pdf,wes,gs://benchmarking-datasets/GRCh37-lite.fa,gs://benchmarking-datasets/Truth.highconf.WholeExome.vcf.gz,gs://benchmarking-datasets/HG002run1_S1.genome.vcf,01eda124-2704-44a9-a79e-3d8794989dbb,gs://benchmarking-datasets/aggregateResults.R,_chrRemoved.vcf.gz,cds,gs://benchmarking-datasets/GRCh37-lite.fa.fai,gs://benchmarking-datasets/indelSizeDistribution_Detailed.R,_indelDistribution_Frombcftools.txt,happyResults_NA24385_NISTv3.3,WF_b1de70.e6.95b8,_ConsoleOutput.txt,702,NA,358754,22,0.976377,1.57810166428,INDEL,ALL,0.96162,365297,13769,1.70485054725,344985,7049,6e-05,WholeExome,NA,8629,0.968942
42,WF_b1de70.e6.95b8,WF_b1de70.e6,01eda124-2704-44a9-a79e-3d8794989dbb,"Thu, 17 Jun 2021 21:56:40 GMT",gs://benchmarking-datasets/codingexons.nochr.bed,gs://benchmarking-datasets/HG002_GIAB_highconf_CG-IllFB-IllGATKHC-Ion-Solid-10X_CHROM1-22_v3.3_highconf.bed,gs://benchmarking-datasets/Truth.highconf.CodingExons.vcf.gz,WF_b1de70.e6,_indelSizeDistribution.txt,_indelSizeDistributionPlot.pdf,wes,gs://benchmarking-datasets/GRCh37-lite.fa,gs://benchmarking-datasets/Truth.highconf.WholeExome.vcf.gz,gs://benchmarking-datasets/HG002run1_S1.genome.vcf,01eda124-2704-44a9-a79e-3d8794989dbb,gs://benchmarking-datasets/aggregateResults.R,_chrRemoved.vcf.gz,cds,gs://benchmarking-datasets/GRCh37-lite.fa.fai,gs://benchmarking-datasets/indelSizeDistribution_Detailed.R,_indelDistribution_Frombcftools.txt,happyResults_NA24385_NISTv3.3,WF_b1de70.e6.95b8,_ConsoleOutput.txt,389,NA,358754,14,0.980705,1.57810166428,INDEL,PASS,0.930822,354616,24818,1.67682632575,333936,6022,3.9e-05,WholeExome,NA,6842,0.955113
43,WF_b1de70.e6.95b8,WF_b1de70.e6,01eda124-2704-44a9-a79e-3d8794989dbb,"Thu, 17 Jun 2021 21:56:40 GMT",gs://benchmarking-datasets/codingexons.nochr.bed,gs://benchmarking-datasets/HG002_GIAB_highconf_CG-IllFB-IllGATKHC-Ion-Solid-10X_CHROM1-22_v3.3_highconf.bed,gs://benchmarking-datasets/Truth.highconf.CodingExons.vcf.gz,WF_b1de70.e6,_indelSizeDistribution.txt,_indelSizeDistributionPlot.pdf,wes,gs://benchmarking-datasets/GRCh37-lite.fa,gs://benchmarking-datasets/Truth.highconf.WholeExome.vcf.gz,gs://benchmarking-datasets/HG002run1_S1.genome.vcf,01eda124-2704-44a9-a79e-3d8794989dbb,gs://benchmarking-datasets/aggregateResults.R,_chrRemoved.vcf.gz,cds,gs://benchmarking-datasets/GRCh37-lite.fa.fai,gs://benchmarking-datasets/indelSizeDistribution_Detailed.R,_indelDistribution_Frombcftools.txt,happyResults_NA24385_NISTv3.3,WF_b1de70.e6.95b8,_ConsoleOutput.txt,911,2.00526929679,3027158,0,0.962142,1.58758722469,SNP,ALL,0.998874,3145306,3408,1.68830452655,3023750,12530,0,WholeExome,2.10340706423,119074,0.980164
44,WF_b1de70.e6.95b8,WF_b1de70.e6,01eda124-2704-44a9-a79e-3d8794989dbb,"Thu, 17 Jun 2021 21:56:40 GMT",gs://benchmarking-datasets/codingexons.nochr.bed,gs://benchmarking-datasets/HG002_GIAB_highconf_CG-IllFB-IllGATKHC-Ion-Solid-10X_CHROM1-22_v3.3_highconf.bed,gs://benchmarking-datasets/Truth.highconf.CodingExons.vcf.gz,WF_b1de70.e6,_indelSizeDistribution.txt,_indelSizeDistributionPlot.pdf,wes,gs://benchmarking-datasets/GRCh37-lite.fa,gs://benchmarking-datasets/Truth.highconf.WholeExome.vcf.gz,gs://benchmarking-datasets/HG002run1_S1.genome.vcf,01eda124-2704-44a9-a79e-3d8794989dbb,gs://benchmarking-datasets/aggregateResults.R,_chrRemoved.vcf.gz,cds,gs://benchmarking-datasets/GRCh37-lite.fa.fai,gs://benchmarking-datasets/indelSizeDistribution_Detailed.R,_indelDistribution_Frombcftools.txt,happyResults_NA24385_NISTv3.3,WF_b1de70.e6.95b8,_ConsoleOutput.txt,42,2.11485336635,3027158,0,0.99981,1.58758722469,SNP,PASS,0.949169,2874823,153872,1.52617542404,2873286,330,0,WholeExome,2.10340706423,546,0.973832
45,WF_b1de70.e6.95b8,WF_b1de70.e6,01eda124-2704-44a9-a79e-3d8794989dbb,"Thu, 17 Jun 2021 21:56:40 GMT",gs://benchmarking-datasets/codingexons.nochr.bed,gs://benchmarking-datasets/HG002_GIAB_highconf_CG-IllFB-IllGATKHC-Ion-Solid-10X_CHROM1-22_v3.3_highconf.bed,gs://benchmarking-datasets/Truth.highconf.CodingExons.vcf.gz,WF_b1de70.e6,_indelSizeDistribution.txt,_indelSizeDistributionPlot.pdf,wes,gs://benchmarking-datasets/GRCh37-lite.fa,gs://benchmarking-datasets/Truth.highconf.WholeExome.vcf.gz,gs://benchmarking-datasets/HG002run1_S1.genome.vcf,01eda124-2704-44a9-a79e-3d8794989dbb,gs://benchmarking-datasets/aggregateResults.R,_chrRemoved.vcf.gz,cds,gs://benchmarking-datasets/GRCh37-lite.fa.fai,gs://benchmarking-datasets/indelSizeDistribution_Detailed.R,_indelDistribution_Frombcftools.txt,happyResults_NA24385_NISTv3.3,WF_b1de70.e6.95b8,_ConsoleOutput.txt,702,NA,358754,22,0.976377,1.57810166428,INDEL,ALL,0.96162,365297,13769,1.70485054725,344985,7049,6e-05,CodingSequence,NA,8629,0.968942
46,WF_b1de70.e6.95b8,WF_b1de70.e6,01eda124-2704-44a9-a79e-3d8794989dbb,"Thu, 17 Jun 2021 21:56:40 GMT",gs://benchmarking-datasets/codingexons.nochr.bed,gs://benchmarking-datasets/HG002_GIAB_highconf_CG-IllFB-IllGATKHC-Ion-Solid-10X_CHROM1-22_v3.3_highconf.bed,gs://benchmarking-datasets/Truth.highconf.CodingExons.vcf.gz,WF_b1de70.e6,_indelSizeDistribution.txt,_indelSizeDistributionPlot.pdf,wes,gs://benchmarking-datasets/GRCh37-lite.fa,gs://benchmarking-datasets/Truth.highconf.WholeExome.vcf.gz,gs://benchmarking-datasets/HG002run1_S1.genome.vcf,01eda124-2704-44a9-a79e-3d8794989dbb,gs://benchmarking-datasets/aggregateResults.R,_chrRemoved.vcf.gz,cds,gs://benchmarking-datasets/GRCh37-lite.fa.fai,gs://benchmarking-datasets/indelSizeDistribution_Detailed.R,_indelDistribution_Frombcftools.txt,happyResults_NA24385_NISTv3.3,WF_b1de70.e6.95b8,_ConsoleOutput.txt,389,NA,358754,14,0.980705,1.57810166428,INDEL,PASS,0.930822,354616,24818,1.67682632575,333936,6022,3.9e-05,CodingSequence,NA,6842,0.955113
47,WF_b1de70.e6.95b8,WF_b1de70.e6,01eda124-2704-44a9-a79e-3d8794989dbb,"Thu, 17 Jun 2021 21:56:40 GMT",gs://benchmarking-datasets/codingexons.nochr.bed,gs://benchmarking-datasets/HG002_GIAB_highconf_CG-IllFB-IllGATKHC-Ion-Solid-10X_CHROM1-22_v3.3_highconf.bed,gs://benchmarking-datasets/Truth.highconf.CodingExons.vcf.gz,WF_b1de70.e6,_indelSizeDistribution.txt,_indelSizeDistributionPlot.pdf,wes,gs://benchmarking-datasets/GRCh37-lite.fa,gs://benchmarking-datasets/Truth.highconf.WholeExome.vcf.gz,gs://benchmarking-datasets/HG002run1_S1.genome.vcf,01eda124-2704-44a9-a79e-3d8794989dbb,gs://benchmarking-datasets/aggregateResults.R,_chrRemoved.vcf.gz,cds,gs://benchmarking-datasets/GRCh37-lite.fa.fai,gs://benchmarking-datasets/indelSizeDistribution_Detailed.R,_indelDistribution_Frombcftools.txt,happyResults_NA24385_NISTv3.3,WF_b1de70.e6.95b8,_ConsoleOutput.txt,911,2.00526929679,3027158,0,0.962142,1.58758722469,SNP,ALL,0.998874,3145306,3408,1.68830452655,3023750,12530,0,CodingSequence,2.10340706423,119074,0.980164
48,WF_b1de70.e6.95b8,WF_b1de70.e6,01eda124-2704-44a9-a79e-3d8794989dbb,"Thu, 17 Jun 2021 21:56:40 GMT",gs://benchmarking-datasets/codingexons.nochr.bed,gs://benchmarking-datasets/HG002_GIAB_highconf_CG-IllFB-IllGATKHC-Ion-Solid-10X_CHROM1-22_v3.3_highconf.bed,gs://benchmarking-datasets/Truth.highconf.CodingExons.vcf.gz,WF_b1de70.e6,_indelSizeDistribution.txt,_indelSizeDistributionPlot.pdf,wes,gs://benchmarking-datasets/GRCh37-lite.fa,gs://benchmarking-datasets/Truth.highconf.WholeExome.vcf.gz,gs://benchmarking-datasets/HG002run1_S1.genome.vcf,01eda124-2704-44a9-a79e-3d8794989dbb,gs://benchmarking-datasets/aggregateResults.R,_chrRemoved.vcf.gz,cds,gs://benchmarking-datasets/GRCh37-lite.fa.fai,gs://benchmarking-datasets/indelSizeDistribution_Detailed.R,_indelDistribution_Frombcftools.txt,happyResults_NA24385_NISTv3.3,WF_b1de70.e6.95b8,_ConsoleOutput.txt,42,2.11485336635,3027158,0,0.99981,1.58758722469,SNP,PASS,0.949169,2874823,153872,1.52617542404,2873286,330,0,CodingSequence,2.10340706423,546,0.973832
25,WF_b1de70.e6.b219,WF_b1de70.e6,024e022d-8e5d-41b8-abcc-35936dd6f6e6,"Thu, 17 Jun 2021 19:09:39 GMT",gs://benchmarking-datasets/codingexons.nochr.bed,gs://benchmarking-datasets/HG002_GIAB_highconf_CG-IllFB-IllGATKHC-Ion-Solid-10X_CHROM1-22_v3.3_highconf.bed,gs://benchmarking-datasets/Truth.highconf.CodingExons.vcf.gz,WF_b1de70.e6,_indelSizeDistribution.txt,_indelSizeDistributionPlot.pdf,wes,gs://benchmarking-datasets/GRCh37-lite.fa,gs://benchmarking-datasets/Truth.highconf.WholeExome.vcf.gz,gs://benchmarking-datasets/SIB-MT.vcf.gz,024e022d-8e5d-41b8-abcc-35936dd6f6e6,gs://benchmarking-datasets/aggregateResults.R,_chrRemoved.vcf.gz,cds,gs://benchmarking-datasets/GRCh37-lite.fa.fai,gs://benchmarking-datasets/indelSizeDistribution_Detailed.R,_indelDistribution_Frombcftools.txt,happyResults_NA24385_NISTv3.3,WF_b1de70.e6.b219,_ConsoleOutput.txt,16614,NA,358754,43,0.851569,1.57810166428,INDEL,ALL,0.843035,355454,56312,1.53328615442,302442,29802,0.000121,WholeExome,NA,52754,0.84728
26,WF_b1de70.e6.b219,WF_b1de70.e6,024e022d-8e5d-41b8-abcc-35936dd6f6e6,"Thu, 17 Jun 2021 19:09:39 GMT",gs://benchmarking-datasets/codingexons.nochr.bed,gs://benchmarking-datasets/HG002_GIAB_highconf_CG-IllFB-IllGATKHC-Ion-Solid-10X_CHROM1-22_v3.3_highconf.bed,gs://benchmarking-datasets/Truth.highconf.CodingExons.vcf.gz,WF_b1de70.e6,_indelSizeDistribution.txt,_indelSizeDistributionPlot.pdf,wes,gs://benchmarking-datasets/GRCh37-lite.fa,gs://benchmarking-datasets/Truth.highconf.WholeExome.vcf.gz,gs://benchmarking-datasets/SIB-MT.vcf.gz,024e022d-8e5d-41b8-abcc-35936dd6f6e6,gs://benchmarking-datasets/aggregateResults.R,_chrRemoved.vcf.gz,cds,gs://benchmarking-datasets/GRCh37-lite.fa.fai,gs://benchmarking-datasets/indelSizeDistribution_Detailed.R,_indelDistribution_Frombcftools.txt,happyResults_NA24385_NISTv3.3,WF_b1de70.e6.b219,_ConsoleOutput.txt,16614,NA,358754,43,0.851569,1.57810166428,INDEL,PASS,0.843035,355454,56312,1.53328615442,302442,29802,0.000121,WholeExome,NA,52754,0.84728
27,WF_b1de70.e6.b219,WF_b1de70.e6,024e022d-8e5d-41b8-abcc-35936dd6f6e6,"Thu, 17 Jun 2021 19:09:39 GMT",gs://benchmarking-datasets/codingexons.nochr.bed,gs://benchmarking-datasets/HG002_GIAB_highconf_CG-IllFB-IllGATKHC-Ion-Solid-10X_CHROM1-22_v3.3_highconf.bed,gs://benchmarking-datasets/Truth.highconf.CodingExons.vcf.gz,WF_b1de70.e6,_indelSizeDistribution.txt,_indelSizeDistributionPlot.pdf,wes,gs://benchmarking-datasets/GRCh37-lite.fa,gs://benchmarking-datasets/Truth.highconf.WholeExome.vcf.gz,gs://benchmarking-datasets/SIB-MT.vcf.gz,024e022d-8e5d-41b8-abcc-35936dd6f6e6,gs://benchmarking-datasets/aggregateResults.R,_chrRemoved.vcf.gz,cds,gs://benchmarking-datasets/GRCh37-lite.fa.fai,gs://benchmarking-datasets/indelSizeDistribution_Detailed.R,_indelDistribution_Frombcftools.txt,happyResults_NA24385_NISTv3.3,WF_b1de70.e6.b219,_ConsoleOutput.txt,20735,2.05032963833,3027158,7,0.968455,1.58758722469,SNP,ALL,0.984888,3079554,45746,1.56514211682,2981412,25602,2e-06,WholeExome,2.10340706423,97143,0.976603
28,WF_b1de70.e6.b219,WF_b1de70.e6,024e022d-8e5d-41b8-abcc-35936dd6f6e6,"Thu, 17 Jun 2021 19:09:39 GMT",gs://benchmarking-datasets/codingexons.nochr.bed,gs://benchmarking-datasets/HG002_GIAB_highconf_CG-IllFB-IllGATKHC-Ion-Solid-10X_CHROM1-22_v3.3_highconf.bed,gs://benchmarking-datasets/Truth.highconf.CodingExons.vcf.gz,WF_b1de70.e6,_indelSizeDistribution.txt,_indelSizeDistributionPlot.pdf,wes,gs://benchmarking-datasets/GRCh37-lite.fa,gs://benchmarking-datasets/Truth.highconf.WholeExome.vcf.gz,gs://benchmarking-datasets/SIB-MT.vcf.gz,024e022d-8e5d-41b8-abcc-35936dd6f6e6,gs://benchmarking-datasets/aggregateResults.R,_chrRemoved.vcf.gz,cds,gs://benchmarking-datasets/GRCh37-lite.fa.fai,gs://benchmarking-datasets/indelSizeDistribution_Detailed.R,_indelDistribution_Frombcftools.txt,happyResults_NA24385_NISTv3.3,WF_b1de70.e6.b219,_ConsoleOutput.txt,20735,2.05032963833,3027158,7,0.968455,1.58758722469,SNP,PASS,0.984888,3079554,45746,1.56514211682,2981412,25602,2e-06,WholeExome,2.10340706423,97143,0.976603
29,WF_b1de70.e6.b219,WF_b1de70.e6,024e022d-8e5d-41b8-abcc-35936dd6f6e6,"Thu, 17 Jun 2021 19:09:39 GMT",gs://benchmarking-datasets/codingexons.nochr.bed,gs://benchmarking-datasets/HG002_GIAB_highconf_CG-IllFB-IllGATKHC-Ion-Solid-10X_CHROM1-22_v3.3_highconf.bed,gs://benchmarking-datasets/Truth.highconf.CodingExons.vcf.gz,WF_b1de70.e6,_indelSizeDistribution.txt,_indelSizeDistributionPlot.pdf,wes,gs://benchmarking-datasets/GRCh37-lite.fa,gs://benchmarking-datasets/Truth.highconf.WholeExome.vcf.gz,gs://benchmarking-datasets/SIB-MT.vcf.gz,024e022d-8e5d-41b8-abcc-35936dd6f6e6,gs://benchmarking-datasets/aggregateResults.R,_chrRemoved.vcf.gz,cds,gs://benchmarking-datasets/GRCh37-lite.fa.fai,gs://benchmarking-datasets/indelSizeDistribution_Detailed.R,_indelDistribution_Frombcftools.txt,happyResults_NA24385_NISTv3.3,WF_b1de70.e6.b219,_ConsoleOutput.txt,16614,NA,358754,43,0.851569,1.57810166428,INDEL,ALL,0.843035,355454,56312,1.53328615442,302442,29802,0.000121,CodingSequence,NA,52754,0.84728
30,WF_b1de70.e6.b219,WF_b1de70.e6,024e022d-8e5d-41b8-abcc-35936dd6f6e6,"Thu, 17 Jun 2021 19:09:39 GMT",gs://benchmarking-datasets/codingexons.nochr.bed,gs://benchmarking-datasets/HG002_GIAB_highconf_CG-IllFB-IllGATKHC-Ion-Solid-10X_CHROM1-22_v3.3_highconf.bed,gs://benchmarking-datasets/Truth.highconf.CodingExons.vcf.gz,WF_b1de70.e6,_indelSizeDistribution.txt,_indelSizeDistributionPlot.pdf,wes,gs://benchmarking-datasets/GRCh37-lite.fa,gs://benchmarking-datasets/Truth.highconf.WholeExome.vcf.gz,gs://benchmarking-datasets/SIB-MT.vcf.gz,024e022d-8e5d-41b8-abcc-35936dd6f6e6,gs://benchmarking-datasets/aggregateResults.R,_chrRemoved.vcf.gz,cds,gs://benchmarking-datasets/GRCh37-lite.fa.fai,gs://benchmarking-datasets/indelSizeDistribution_Detailed.R,_indelDistribution_Frombcftools.txt,happyResults_NA24385_NISTv3.3,WF_b1de70.e6.b219,_ConsoleOutput.txt,16614,NA,358754,43,0.851569,1.57810166428,INDEL,PASS,0.843035,355454,56312,1.53328615442,302442,29802,0.000121,CodingSequence,NA,52754,0.84728
31,WF_b1de70.e6.b219,WF_b1de70.e6,024e022d-8e5d-41b8-abcc-35936dd6f6e6,"Thu, 17 Jun 2021 19:09:39 GMT",gs://benchmarking-datasets/codingexons.nochr.bed,gs://benchmarking-datasets/HG002_GIAB_highconf_CG-IllFB-IllGATKHC-Ion-Solid-10X_CHROM1-22_v3.3_highconf.bed,gs://benchmarking-datasets/Truth.highconf.CodingExons.vcf.gz,WF_b1de70.e6,_indelSizeDistribution.txt,_indelSizeDistributionPlot.pdf,wes,gs://benchmarking-datasets/GRCh37-lite.fa,gs://benchmarking-datasets/Truth.highconf.WholeExome.vcf.gz,gs://benchmarking-datasets/SIB-MT.vcf.gz,024e022d-8e5d-41b8-abcc-35936dd6f6e6,gs://benchmarking-datasets/aggregateResults.R,_chrRemoved.vcf.gz,cds,gs://benchmarking-datasets/GRCh37-lite.fa.fai,gs://benchmarking-datasets/indelSizeDistribution_Detailed.R,_indelDistribution_Frombcftools.txt,happyResults_NA24385_NISTv3.3,WF_b1de70.e6.b219,_ConsoleOutput.txt,20735,2.05032963833,3027158,7,0.968455,1.58758722469,SNP,ALL,0.984888,3079554,45746,1.56514211682,2981412,25602,2e-06,CodingSequence,2.10340706423,97143,0.976603
32,WF_b1de70.e6.b219,WF_b1de70.e6,024e022d-8e5d-41b8-abcc-35936dd6f6e6,"Thu, 17 Jun 2021 19:09:39 GMT",gs://benchmarking-datasets/codingexons.nochr.bed,gs://benchmarking-datasets/HG002_GIAB_highconf_CG-IllFB-IllGATKHC-Ion-Solid-10X_CHROM1-22_v3.3_highconf.bed,gs://benchmarking-datasets/Truth.highconf.CodingExons.vcf.gz,WF_b1de70.e6,_indelSizeDistribution.txt,_indelSizeDistributionPlot.pdf,wes,gs://benchmarking-datasets/GRCh37-lite.fa,gs://benchmarking-datasets/Truth.highconf.WholeExome.vcf.gz,gs://benchmarking-datasets/SIB-MT.vcf.gz,024e022d-8e5d-41b8-abcc-35936dd6f6e6,gs://benchmarking-datasets/aggregateResults.R,_chrRemoved.vcf.gz,cds,gs://benchmarking-datasets/GRCh37-lite.fa.fai,gs://benchmarking-datasets/indelSizeDistribution_Detailed.R,_indelDistribution_Frombcftools.txt,happyResults_NA24385_NISTv3.3,WF_b1de70.e6.b219,_ConsoleOutput.txt,20735,2.05032963833,3027158,7,0.968455,1.58758722469,SNP,PASS,0.984888,3079554,45746,1.56514211682,2981412,25602,2e-06,CodingSequence,2.10340706423,97143,0.976603
33,WF_b1de70.e6.74d8,WF_b1de70.e6,04867931-e9bd-4098-9146-d8db7b021bea,"Thu, 17 Jun 2021 21:53:38 GMT",gs://benchmarking-datasets/codingexons.nochr.bed,gs://benchmarking-datasets/HG002_GIAB_highconf_CG-IllFB-IllGATKHC-Ion-Solid-10X_CHROM1-22_v3.3_highconf.bed,gs://benchmarking-datasets/Truth.highconf.CodingExons.vcf.gz,WF_b1de70.e6,_indelSizeDistribution.txt,_indelSizeDistributionPlot.pdf,wes,gs://benchmarking-datasets/GRCh37-lite.fa,gs://benchmarking-datasets/Truth.highconf.WholeExome.vcf.gz,gs://benchmarking-datasets/DRAGEN_HG002-NA24385-50x.vcf.gz,04867931-e9bd-4098-9146-d8db7b021bea,gs://benchmarking-datasets/aggregateResults.R,_chrRemoved.vcf.gz,cds,gs://benchmarking-datasets/GRCh37-lite.fa.fai,gs://benchmarking-datasets/indelSizeDistribution_Detailed.R,_indelDistribution_Frombcftools.txt,happyResults_NA24385_NISTv3.3,WF_b1de70.e6.74d8,_ConsoleOutput.txt,274,NA,358754,21,0.987726,1.57810166428,INDEL,ALL,0.991707,374878,2975,1.78609080474,355779,2579,5.6e-05,WholeExome,NA,4601,0.989713
34,WF_b1de70.e6.74d8,WF_b1de70.e6,04867931-e9bd-4098-9146-d8db7b021bea,"Thu, 17 Jun 2021 21:53:38 GMT",gs://benchmarking-datasets/codingexons.nochr.bed,gs://benchmarking-datasets/HG002_GIAB_highconf_CG-IllFB-IllGATKHC-Ion-Solid-10X_CHROM1-22_v3.3_highconf.bed,gs://benchmarking-datasets/Truth.highconf.CodingExons.vcf.gz,WF_b1de70.e6,_indelSizeDistribution.txt,_indelSizeDistributionPlot.pdf,wes,gs://benchmarking-datasets/GRCh37-lite.fa,gs://benchmarking-datasets/Truth.highconf.WholeExome.vcf.gz,gs://benchmarking-datasets/DRAGEN_HG002-NA24385-50x.vcf.gz,04867931-e9bd-4098-9146-d8db7b021bea,gs://benchmarking-datasets/aggregateResults.R,_chrRemoved.vcf.gz,cds,gs://benchmarking-datasets/GRCh37-lite.fa.fai,gs://benchmarking-datasets/indelSizeDistribution_Detailed.R,_indelDistribution_Frombcftools.txt,happyResults_NA24385_NISTv3.3,WF_b1de70.e6.74d8,_ConsoleOutput.txt,274,NA,358754,21,0.987726,1.57810166428,INDEL,PASS,0.991707,374878,2975,1.78609080474,355779,2579,5.6e-05,WholeExome,NA,4601,0.989713
35,WF_b1de70.e6.74d8,WF_b1de70.e6,04867931-e9bd-4098-9146-d8db7b021bea,"Thu, 17 Jun 2021 21:53:38 GMT",gs://benchmarking-datasets/codingexons.nochr.bed,gs://benchmarking-datasets/HG002_GIAB_highconf_CG-IllFB-IllGATKHC-Ion-Solid-10X_CHROM1-22_v3.3_highconf.bed,gs://benchmarking-datasets/Truth.highconf.CodingExons.vcf.gz,WF_b1de70.e6,_indelSizeDistribution.txt,_indelSizeDistributionPlot.pdf,wes,gs://benchmarking-datasets/GRCh37-lite.fa,gs://benchmarking-datasets/Truth.highconf.WholeExome.vcf.gz,gs://benchmarking-datasets/DRAGEN_HG002-NA24385-50x.vcf.gz,04867931-e9bd-4098-9146-d8db7b021bea,gs://benchmarking-datasets/aggregateResults.R,_chrRemoved.vcf.gz,cds,gs://benchmarking-datasets/GRCh37-lite.fa.fai,gs://benchmarking-datasets/indelSizeDistribution_Detailed.R,_indelDistribution_Frombcftools.txt,happyResults_NA24385_NISTv3.3,WF_b1de70.e6.74d8,_ConsoleOutput.txt,634,2.10084382771,3027158,0,0.994092,1.58758722469,SNP,ALL,0.99898,3044283,3087,1.60285790281,3024071,698,0,WholeExome,2.10340706423,17985,0.99653
36,WF_b1de70.e6.74d8,WF_b1de70.e6,04867931-e9bd-4098-9146-d8db7b021bea,"Thu, 17 Jun 2021 21:53:38 GMT",gs://benchmarking-datasets/codingexons.nochr.bed,gs://benchmarking-datasets/HG002_GIAB_highconf_CG-IllFB-IllGATKHC-Ion-Solid-10X_CHROM1-22_v3.3_highconf.bed,gs://benchmarking-datasets/Truth.highconf.CodingExons.vcf.gz,WF_b1de70.e6,_indelSizeDistribution.txt,_indelSizeDistributionPlot.pdf,wes,gs://benchmarking-datasets/GRCh37-lite.fa,gs://benchmarking-datasets/Truth.highconf.WholeExome.vcf.gz,gs://benchmarking-datasets/DRAGEN_HG002-NA24385-50x.vcf.gz,04867931-e9bd-4098-9146-d8db7b021bea,gs://benchmarking-datasets/aggregateResults.R,_chrRemoved.vcf.gz,cds,gs://benchmarking-datasets/GRCh37-lite.fa.fai,gs://benchmarking-datasets/indelSizeDistribution_Detailed.R,_indelDistribution_Frombcftools.txt,happyResults_NA24385_NISTv3.3,WF_b1de70.e6.74d8,_ConsoleOutput.txt,634,2.10084382771,3027158,0,0.994092,1.58758722469,SNP,PASS,0.99898,3044283,3087,1.60285790281,3024071,698,0,WholeExome,2.10340706423,17985,0.99653
37,WF_b1de70.e6.74d8,WF_b1de70.e6,04867931-e9bd-4098-9146-d8db7b021bea,"Thu, 17 Jun 2021 21:53:38 GMT",gs://benchmarking-datasets/codingexons.nochr.bed,gs://benchmarking-datasets/HG002_GIAB_highconf_CG-IllFB-IllGATKHC-Ion-Solid-10X_CHROM1-22_v3.3_highconf.bed,gs://benchmarking-datasets/Truth.highconf.CodingExons.vcf.gz,WF_b1de70.e6,_indelSizeDistribution.txt,_indelSizeDistributionPlot.pdf,wes,gs://benchmarking-datasets/GRCh37-lite.fa,gs://benchmarking-datasets/Truth.highconf.WholeExome.vcf.gz,gs://benchmarking-datasets/DRAGEN_HG002-NA24385-50x.vcf.gz,04867931-e9bd-4098-9146-d8db7b021bea,gs://benchmarking-datasets/aggregateResults.R,_chrRemoved.vcf.gz,cds,gs://benchmarking-datasets/GRCh37-lite.fa.fai,gs://benchmarking-datasets/indelSizeDistribution_Detailed.R,_indelDistribution_Frombcftools.txt,happyResults_NA24385_NISTv3.3,WF_b1de70.e6.74d8,_ConsoleOutput.txt,274,NA,358754,21,0.987726,1.57810166428,INDEL,ALL,0.991707,374878,2975,1.78609080474,355779,2579,5.6e-05,CodingSequence,NA,4601,0.989713
38,WF_b1de70.e6.74d8,WF_b1de70.e6,04867931-e9bd-4098-9146-d8db7b021bea,"Thu, 17 Jun 2021 21:53:38 GMT",gs://benchmarking-datasets/codingexons.nochr.bed,gs://benchmarking-datasets/HG002_GIAB_highconf_CG-IllFB-IllGATKHC-Ion-Solid-10X_CHROM1-22_v3.3_highconf.bed,gs://benchmarking-datasets/Truth.highconf.CodingExons.vcf.gz,WF_b1de70.e6,_indelSizeDistribution.txt,_indelSizeDistributionPlot.pdf,wes,gs://benchmarking-datasets/GRCh37-lite.fa,gs://benchmarking-datasets/Truth.highconf.WholeExome.vcf.gz,gs://benchmarking-datasets/DRAGEN_HG002-NA24385-50x.vcf.gz,04867931-e9bd-4098-9146-d8db7b021bea,gs://benchmarking-datasets/aggregateResults.R,_chrRemoved.vcf.gz,cds,gs://benchmarking-datasets/GRCh37-lite.fa.fai,gs://benchmarking-datasets/indelSizeDistribution_Detailed.R,_indelDistribution_Frombcftools.txt,happyResults_NA24385_NISTv3.3,WF_b1de70.e6.74d8,_ConsoleOutput.txt,274,NA,358754,21,0.987726,1.57810166428,INDEL,PASS,0.991707,374878,2975,1.78609080474,355779,2579,5.6e-05,CodingSequence,NA,4601,0.989713
39,WF_b1de70.e6.74d8,WF_b1de70.e6,04867931-e9bd-4098-9146-d8db7b021bea,"Thu, 17 Jun 2021 21:53:38 GMT",gs://benchmarking-datasets/codingexons.nochr.bed,gs://benchmarking-datasets/HG002_GIAB_highconf_CG-IllFB-IllGATKHC-Ion-Solid-10X_CHROM1-22_v3.3_highconf.bed,gs://benchmarking-datasets/Truth.highconf.CodingExons.vcf.gz,WF_b1de70.e6,_indelSizeDistribution.txt,_indelSizeDistributionPlot.pdf,wes,gs://benchmarking-datasets/GRCh37-lite.fa,gs://benchmarking-datasets/Truth.highconf.WholeExome.vcf.gz,gs://benchmarking-datasets/DRAGEN_HG002-NA24385-50x.vcf.gz,04867931-e9bd-4098-9146-d8db7b021bea,gs://benchmarking-datasets/aggregateResults.R,_chrRemoved.vcf.gz,cds,gs://benchmarking-datasets/GRCh37-lite.fa.fai,gs://benchmarking-datasets/indelSizeDistribution_Detailed.R,_indelDistribution_Frombcftools.txt,happyResults_NA24385_NISTv3.3,WF_b1de70.e6.74d8,_ConsoleOutput.txt,634,2.10084382771,3027158,0,0.994092,1.58758722469,SNP,ALL,0.99898,3044283,3087,1.60285790281,3024071,698,0,CodingSequence,2.10340706423,17985,0.99653
40,WF_b1de70.e6.74d8,WF_b1de70.e6,04867931-e9bd-4098-9146-d8db7b021bea,"Thu, 17 Jun 2021 21:53:38 GMT",gs://benchmarking-datasets/codingexons.nochr.bed,gs://benchmarking-datasets/HG002_GIAB_highconf_CG-IllFB-IllGATKHC-Ion-Solid-10X_CHROM1-22_v3.3_highconf.bed,gs://benchmarking-datasets/Truth.highconf.CodingExons.vcf.gz,WF_b1de70.e6,_indelSizeDistribution.txt,_indelSizeDistributionPlot.pdf,wes,gs://benchmarking-datasets/GRCh37-lite.fa,gs://benchmarking-datasets/Truth.highconf.WholeExome.vcf.gz,gs://benchmarking-datasets/DRAGEN_HG002-NA24385-50x.vcf.gz,04867931-e9bd-4098-9146-d8db7b021bea,gs://benchmarking-datasets/aggregateResults.R,_chrRemoved.vcf.gz,cds,gs://benchmarking-datasets/GRCh37-lite.fa.fai,gs://benchmarking-datasets/indelSizeDistribution_Detailed.R,_indelDistribution_Frombcftools.txt,happyResults_NA24385_NISTv3.3,WF_b1de70.e6.74d8,_ConsoleOutput.txt,634,2.10084382771,3027158,0,0.994092,1.58758722469,SNP,PASS,0.99898,3044283,3087,1.60285790281,3024071,698,0,CodingSequence,2.10340706423,17985,0.99653
1,WF_b1de70.e6.5e6b,WF_b1de70.e6,4969524c-4a66-4ae2-958a-416db48051ad,"Thu, 17 Jun 2021 17:06:17 GMT",gs://benchmarking-datasets/codingexons.nochr.bed,gs://benchmarking-datasets/HG002_GIAB_highconf_CG-IllFB-IllGATKHC-Ion-Solid-10X_CHROM1-22_v3.3_highconf.bed,gs://benchmarking-datasets/Truth.highconf.CodingExons.vcf.gz,WF_b1de70.e6,_indelSizeDistribution.txt,_indelSizeDistributionPlot.pdf,wes,gs://benchmarking-datasets/GRCh37-lite.fa,gs://benchmarking-datasets/Truth.highconf.WholeExome.vcf.gz,gs://benchmarking-datasets/ISAAC_HG002-NA24385_all_passed_variants.vcf.gz,4969524c-4a66-4ae2-958a-416db48051ad,gs://benchmarking-datasets/aggregateResults.R,_chrRemoved.vcf.gz,cds,gs://benchmarking-datasets/GRCh37-lite.fa.fai,gs://benchmarking-datasets/indelSizeDistribution_Detailed.R,_indelDistribution_Frombcftools.txt,happyResults_NA24385_NISTv3.3,WF_b1de70.e6.5e6b,_ConsoleOutput.txt,1108,NA,358754,12,0.979921,1.57810166428,INDEL,ALL,0.91677,346092,29859,1.81953917508,328895,5457,3.5e-05,WholeExome,NA,6949,0.947294
2,WF_b1de70.e6.5e6b,WF_b1de70.e6,4969524c-4a66-4ae2-958a-416db48051ad,"Thu, 17 Jun 2021 17:06:17 GMT",gs://benchmarking-datasets/codingexons.nochr.bed,gs://benchmarking-datasets/HG002_GIAB_highconf_CG-IllFB-IllGATKHC-Ion-Solid-10X_CHROM1-22_v3.3_highconf.bed,gs://benchmarking-datasets/Truth.highconf.CodingExons.vcf.gz,WF_b1de70.e6,_indelSizeDistribution.txt,_indelSizeDistributionPlot.pdf,wes,gs://benchmarking-datasets/GRCh37-lite.fa,gs://benchmarking-datasets/Truth.highconf.WholeExome.vcf.gz,gs://benchmarking-datasets/ISAAC_HG002-NA24385_all_passed_variants.vcf.gz,4969524c-4a66-4ae2-958a-416db48051ad,gs://benchmarking-datasets/aggregateResults.R,_chrRemoved.vcf.gz,cds,gs://benchmarking-datasets/GRCh37-lite.fa.fai,gs://benchmarking-datasets/indelSizeDistribution_Detailed.R,_indelDistribution_Frombcftools.txt,happyResults_NA24385_NISTv3.3,WF_b1de70.e6.5e6b,_ConsoleOutput.txt,1108,NA,358754,12,0.979921,1.57810166428,INDEL,PASS,0.91677,346092,29859,1.81953917508,328895,5457,3.5e-05,WholeExome,NA,6949,0.947294
3,WF_b1de70.e6.5e6b,WF_b1de70.e6,4969524c-4a66-4ae2-958a-416db48051ad,"Thu, 17 Jun 2021 17:06:17 GMT",gs://benchmarking-datasets/codingexons.nochr.bed,gs://benchmarking-datasets/HG002_GIAB_highconf_CG-IllFB-IllGATKHC-Ion-Solid-10X_CHROM1-22_v3.3_highconf.bed,gs://benchmarking-datasets/Truth.highconf.CodingExons.vcf.gz,WF_b1de70.e6,_indelSizeDistribution.txt,_indelSizeDistributionPlot.pdf,wes,gs://benchmarking-datasets/GRCh37-lite.fa,gs://benchmarking-datasets/Truth.highconf.WholeExome.vcf.gz,gs://benchmarking-datasets/ISAAC_HG002-NA24385_all_passed_variants.vcf.gz,4969524c-4a66-4ae2-958a-416db48051ad,gs://benchmarking-datasets/aggregateResults.R,_chrRemoved.vcf.gz,cds,gs://benchmarking-datasets/GRCh37-lite.fa.fai,gs://benchmarking-datasets/indelSizeDistribution_Detailed.R,_indelDistribution_Frombcftools.txt,happyResults_NA24385_NISTv3.3,WF_b1de70.e6.5e6b,_ConsoleOutput.txt,85,2.11612487699,3027158,0,0.999158,1.58758722469,SNP,ALL,0.969915,2941078,91072,1.59956058918,2936086,825,0,WholeExome,2.10340706423,2476,0.984319
4,WF_b1de70.e6.5e6b,WF_b1de70.e6,4969524c-4a66-4ae2-958a-416db48051ad,"Thu, 17 Jun 2021 17:06:17 GMT",gs://benchmarking-datasets/codingexons.nochr.bed,gs://benchmarking-datasets/HG002_GIAB_highconf_CG-IllFB-IllGATKHC-Ion-Solid-10X_CHROM1-22_v3.3_highconf.bed,gs://benchmarking-datasets/Truth.highconf.CodingExons.vcf.gz,WF_b1de70.e6,_indelSizeDistribution.txt,_indelSizeDistributionPlot.pdf,wes,gs://benchmarking-datasets/GRCh37-lite.fa,gs://benchmarking-datasets/Truth.highconf.WholeExome.vcf.gz,gs://benchmarking-datasets/ISAAC_HG002-NA24385_all_passed_variants.vcf.gz,4969524c-4a66-4ae2-958a-416db48051ad,gs://benchmarking-datasets/aggregateResults.R,_chrRemoved.vcf.gz,cds,gs://benchmarking-datasets/GRCh37-lite.fa.fai,gs://benchmarking-datasets/indelSizeDistribution_Detailed.R,_indelDistribution_Frombcftools.txt,happyResults_NA24385_NISTv3.3,WF_b1de70.e6.5e6b,_ConsoleOutput.txt,85,2.11612487699,3027158,0,0.999158,1.58758722469,SNP,PASS,0.969915,2941078,91072,1.59956058918,2936086,825,0,WholeExome,2.10340706423,2476,0.984319
5,WF_b1de70.e6.5e6b,WF_b1de70.e6,4969524c-4a66-4ae2-958a-416db48051ad,"Thu, 17 Jun 2021 17:06:17 GMT",gs://benchmarking-datasets/codingexons.nochr.bed,gs://benchmarking-datasets/HG002_GIAB_highconf_CG-IllFB-IllGATKHC-Ion-Solid-10X_CHROM1-22_v3.3_highconf.bed,gs://benchmarking-datasets/Truth.highconf.CodingExons.vcf.gz,WF_b1de70.e6,_indelSizeDistribution.txt,_indelSizeDistributionPlot.pdf,wes,gs://benchmarking-datasets/GRCh37-lite.fa,gs://benchmarking-datasets/Truth.highconf.WholeExome.vcf.gz,gs://benchmarking-datasets/ISAAC_HG002-NA24385_all_passed_variants.vcf.gz,4969524c-4a66-4ae2-958a-416db48051ad,gs://benchmarking-datasets/aggregateResults.R,_chrRemoved.vcf.gz,cds,gs://benchmarking-datasets/GRCh37-lite.fa.fai,gs://benchmarking-datasets/indelSizeDistribution_Detailed.R,_indelDistribution_Frombcftools.txt,happyResults_NA24385_NISTv3.3,WF_b1de70.e6.5e6b,_ConsoleOutput.txt,1108,NA,358754,12,0.979921,1.57810166428,INDEL,ALL,0.91677,346092,29859,1.81953917508,328895,5457,3.5e-05,CodingSequence,NA,6949,0.947294
6,WF_b1de70.e6.5e6b,WF_b1de70.e6,4969524c-4a66-4ae2-958a-416db48051ad,"Thu, 17 Jun 2021 17:06:17 GMT",gs://benchmarking-datasets/codingexons.nochr.bed,gs://benchmarking-datasets/HG002_GIAB_highconf_CG-IllFB-IllGATKHC-Ion-Solid-10X_CHROM1-22_v3.3_highconf.bed,gs://benchmarking-datasets/Truth.highconf.CodingExons.vcf.gz,WF_b1de70.e6,_indelSizeDistribution.txt,_indelSizeDistributionPlot.pdf,wes,gs://benchmarking-datasets/GRCh37-lite.fa,gs://benchmarking-datasets/Truth.highconf.WholeExome.vcf.gz,gs://benchmarking-datasets/ISAAC_HG002-NA24385_all_passed_variants.vcf.gz,4969524c-4a66-4ae2-958a-416db48051ad,gs://benchmarking-datasets/aggregateResults.R,_chrRemoved.vcf.gz,cds,gs://benchmarking-datasets/GRCh37-lite.fa.fai,gs://benchmarking-datasets/indelSizeDistribution_Detailed.R,_indelDistribution_Frombcftools.txt,happyResults_NA24385_NISTv3.3,WF_b1de70.e6.5e6b,_ConsoleOutput.txt,1108,NA,358754,12,0.979921,1.57810166428,INDEL,PASS,0.91677,346092,29859,1.81953917508,328895,5457,3.5e-05,CodingSequence,NA,6949,0.947294
7,WF_b1de70.e6.5e6b,WF_b1de70.e6,4969524c-4a66-4ae2-958a-416db48051ad,"Thu, 17 Jun 2021 17:06:17 GMT",gs://benchmarking-datasets/codingexons.nochr.bed,gs://benchmarking-datasets/HG002_GIAB_highconf_CG-IllFB-IllGATKHC-Ion-Solid-10X_CHROM1-22_v3.3_highconf.bed,gs://benchmarking-datasets/Truth.highconf.CodingExons.vcf.gz,WF_b1de70.e6,_indelSizeDistribution.txt,_indelSizeDistributionPlot.pdf,wes,gs://benchmarking-datasets/GRCh37-lite.fa,gs://benchmarking-datasets/Truth.highconf.WholeExome.vcf.gz,gs://benchmarking-datasets/ISAAC_HG002-NA24385_all_passed_variants.vcf.gz,4969524c-4a66-4ae2-958a-416db48051ad,gs://benchmarking-datasets/aggregateResults.R,_chrRemoved.vcf.gz,cds,gs://benchmarking-datasets/GRCh37-lite.fa.fai,gs://benchmarking-datasets/indelSizeDistribution_Detailed.R,_indelDistribution_Frombcftools.txt,happyResults_NA24385_NISTv3.3,WF_b1de70.e6.5e6b,_ConsoleOutput.txt,85,2.11612487699,3027158,0,0.999158,1.58758722469,SNP,ALL,0.969915,2941078,91072,1.59956058918,2936086,825,0,CodingSequence,2.10340706423,2476,0.984319
8,WF_b1de70.e6.5e6b,WF_b1de70.e6,4969524c-4a66-4ae2-958a-416db48051ad,"Thu, 17 Jun 2021 17:06:17 GMT",gs://benchmarking-datasets/codingexons.nochr.bed,gs://benchmarking-datasets/HG002_GIAB_highconf_CG-IllFB-IllGATKHC-Ion-Solid-10X_CHROM1-22_v3.3_highconf.bed,gs://benchmarking-datasets/Truth.highconf.CodingExons.vcf.gz,WF_b1de70.e6,_indelSizeDistribution.txt,_indelSizeDistributionPlot.pdf,wes,gs://benchmarking-datasets/GRCh37-lite.fa,gs://benchmarking-datasets/Truth.highconf.WholeExome.vcf.gz,gs://benchmarking-datasets/ISAAC_HG002-NA24385_all_passed_variants.vcf.gz,4969524c-4a66-4ae2-958a-416db48051ad,gs://benchmarking-datasets/aggregateResults.R,_chrRemoved.vcf.gz,cds,gs://benchmarking-datasets/GRCh37-lite.fa.fai,gs://benchmarking-datasets/indelSizeDistribution_Detailed.R,_indelDistribution_Frombcftools.txt,happyResults_NA24385_NISTv3.3,WF_b1de70.e6.5e6b,_ConsoleOutput.txt,85,2.11612487699,3027158,0,0.999158,1.58758722469,SNP,PASS,0.969915,2941078,91072,1.59956058918,2936086,825,0,CodingSequence,2.10340706423,2476,0.984319
9,WF_b1de70.e6.c187,WF_b1de70.e6,5abbf3c8-0899-4830-8c9c-6ddf3324ac48,"Thu, 17 Jun 2021 20:11:37 GMT",gs://benchmarking-datasets/codingexons.nochr.bed,gs://benchmarking-datasets/HG002_GIAB_highconf_CG-IllFB-IllGATKHC-Ion-Solid-10X_CHROM1-22_v3.3_highconf.bed,gs://benchmarking-datasets/Truth.highconf.CodingExons.vcf.gz,WF_b1de70.e6,_indelSizeDistribution.txt,_indelSizeDistributionPlot.pdf,wes,gs://benchmarking-datasets/GRCh37-lite.fa,gs://benchmarking-datasets/Truth.highconf.WholeExome.vcf.gz,gs://benchmarking-datasets/LabCorp.reheader.vcf.gz,5abbf3c8-0899-4830-8c9c-6ddf3324ac48,gs://benchmarking-datasets/aggregateResults.R,_chrRemoved.vcf.gz,cds,gs://benchmarking-datasets/GRCh37-lite.fa.fai,gs://benchmarking-datasets/indelSizeDistribution_Detailed.R,_indelDistribution_Frombcftools.txt,happyResults_NA24385_NISTv3.3,WF_b1de70.e6.c187,_ConsoleOutput.txt,3011,NA,358754,1455,0.963732,1.57810166428,INDEL,ALL,0.954481,368637,16330,1.84744151249,342424,8426,0.003947,WholeExome,NA,13317,0.959084
10,WF_b1de70.e6.c187,WF_b1de70.e6,5abbf3c8-0899-4830-8c9c-6ddf3324ac48,"Thu, 17 Jun 2021 20:11:37 GMT",gs://benchmarking-datasets/codingexons.nochr.bed,gs://benchmarking-datasets/HG002_GIAB_highconf_CG-IllFB-IllGATKHC-Ion-Solid-10X_CHROM1-22_v3.3_highconf.bed,gs://benchmarking-datasets/Truth.highconf.CodingExons.vcf.gz,WF_b1de70.e6,_indelSizeDistribution.txt,_indelSizeDistributionPlot.pdf,wes,gs://benchmarking-datasets/GRCh37-lite.fa,gs://benchmarking-datasets/Truth.highconf.WholeExome.vcf.gz,gs://benchmarking-datasets/LabCorp.reheader.vcf.gz,5abbf3c8-0899-4830-8c9c-6ddf3324ac48,gs://benchmarking-datasets/aggregateResults.R,_chrRemoved.vcf.gz,cds,gs://benchmarking-datasets/GRCh37-lite.fa.fai,gs://benchmarking-datasets/indelSizeDistribution_Detailed.R,_indelDistribution_Frombcftools.txt,happyResults_NA24385_NISTv3.3,WF_b1de70.e6.c187,_ConsoleOutput.txt,3011,NA,358754,1455,0.963732,1.57810166428,INDEL,PASS,0.954481,368637,16330,1.84744151249,342424,8426,0.003947,WholeExome,NA,13317,0.959084
11,WF_b1de70.e6.c187,WF_b1de70.e6,5abbf3c8-0899-4830-8c9c-6ddf3324ac48,"Thu, 17 Jun 2021 20:11:37 GMT",gs://benchmarking-datasets/codingexons.nochr.bed,gs://benchmarking-datasets/HG002_GIAB_highconf_CG-IllFB-IllGATKHC-Ion-Solid-10X_CHROM1-22_v3.3_highconf.bed,gs://benchmarking-datasets/Truth.highconf.CodingExons.vcf.gz,WF_b1de70.e6,_indelSizeDistribution.txt,_indelSizeDistributionPlot.pdf,wes,gs://benchmarking-datasets/GRCh37-lite.fa,gs://benchmarking-datasets/Truth.highconf.WholeExome.vcf.gz,gs://benchmarking-datasets/LabCorp.reheader.vcf.gz,5abbf3c8-0899-4830-8c9c-6ddf3324ac48,gs://benchmarking-datasets/aggregateResults.R,_chrRemoved.vcf.gz,cds,gs://benchmarking-datasets/GRCh37-lite.fa.fai,gs://benchmarking-datasets/indelSizeDistribution_Detailed.R,_indelDistribution_Frombcftools.txt,happyResults_NA24385_NISTv3.3,WF_b1de70.e6.c187,_ConsoleOutput.txt,1755,2.09850604369,3027158,17,0.994937,1.58758722469,SNP,ALL,0.990768,3017337,27946,1.59453803558,2999212,1943,6e-06,WholeExome,2.10340706423,15276,0.992848
12,WF_b1de70.e6.c187,WF_b1de70.e6,5abbf3c8-0899-4830-8c9c-6ddf3324ac48,"Thu, 17 Jun 2021 20:11:37 GMT",gs://benchmarking-datasets/codingexons.nochr.bed,gs://benchmarking-datasets/HG002_GIAB_highconf_CG-IllFB-IllGATKHC-Ion-Solid-10X_CHROM1-22_v3.3_highconf.bed,gs://benchmarking-datasets/Truth.highconf.CodingExons.vcf.gz,WF_b1de70.e6,_indelSizeDistribution.txt,_indelSizeDistributionPlot.pdf,wes,gs://benchmarking-datasets/GRCh37-lite.fa,gs://benchmarking-datasets/Truth.highconf.WholeExome.vcf.gz,gs://benchmarking-datasets/LabCorp.reheader.vcf.gz,5abbf3c8-0899-4830-8c9c-6ddf3324ac48,gs://benchmarking-datasets/aggregateResults.R,_chrRemoved.vcf.gz,cds,gs://benchmarking-datasets/GRCh37-lite.fa.fai,gs://benchmarking-datasets/indelSizeDistribution_Detailed.R,_indelDistribution_Frombcftools.txt,happyResults_NA24385_NISTv3.3,WF_b1de70.e6.c187,_ConsoleOutput.txt,1755,2.09850604369,3027158,17,0.994937,1.58758722469,SNP,PASS,0.990768,3017337,27946,1.59453803558,2999212,1943,6e-06,WholeExome,2.10340706423,15276,0.992848
13,WF_b1de70.e6.c187,WF_b1de70.e6,5abbf3c8-0899-4830-8c9c-6ddf3324ac48,"Thu, 17 Jun 2021 20:11:37 GMT",gs://benchmarking-datasets/codingexons.nochr.bed,gs://benchmarking-datasets/HG002_GIAB_highconf_CG-IllFB-IllGATKHC-Ion-Solid-10X_CHROM1-22_v3.3_highconf.bed,gs://benchmarking-datasets/Truth.highconf.CodingExons.vcf.gz,WF_b1de70.e6,_indelSizeDistribution.txt,_indelSizeDistributionPlot.pdf,wes,gs://benchmarking-datasets/GRCh37-lite.fa,gs://benchmarking-datasets/Truth.highconf.WholeExome.vcf.gz,gs://benchmarking-datasets/LabCorp.reheader.vcf.gz,5abbf3c8-0899-4830-8c9c-6ddf3324ac48,gs://benchmarking-datasets/aggregateResults.R,_chrRemoved.vcf.gz,cds,gs://benchmarking-datasets/GRCh37-lite.fa.fai,gs://benchmarking-datasets/indelSizeDistribution_Detailed.R,_indelDistribution_Frombcftools.txt,happyResults_NA24385_NISTv3.3,WF_b1de70.e6.c187,_ConsoleOutput.txt,3011,NA,358754,1455,0.963732,1.57810166428,INDEL,ALL,0.954481,368637,16330,1.84744151249,342424,8426,0.003947,CodingSequence,NA,13317,0.959084
14,WF_b1de70.e6.c187,WF_b1de70.e6,5abbf3c8-0899-4830-8c9c-6ddf3324ac48,"Thu, 17 Jun 2021 20:11:37 GMT",gs://benchmarking-datasets/codingexons.nochr.bed,gs://benchmarking-datasets/HG002_GIAB_highconf_CG-IllFB-IllGATKHC-Ion-Solid-10X_CHROM1-22_v3.3_highconf.bed,gs://benchmarking-datasets/Truth.highconf.CodingExons.vcf.gz,WF_b1de70.e6,_indelSizeDistribution.txt,_indelSizeDistributionPlot.pdf,wes,gs://benchmarking-datasets/GRCh37-lite.fa,gs://benchmarking-datasets/Truth.highconf.WholeExome.vcf.gz,gs://benchmarking-datasets/LabCorp.reheader.vcf.gz,5abbf3c8-0899-4830-8c9c-6ddf3324ac48,gs://benchmarking-datasets/aggregateResults.R,_chrRemoved.vcf.gz,cds,gs://benchmarking-datasets/GRCh37-lite.fa.fai,gs://benchmarking-datasets/indelSizeDistribution_Detailed.R,_indelDistribution_Frombcftools.txt,happyResults_NA24385_NISTv3.3,WF_b1de70.e6.c187,_ConsoleOutput.txt,3011,NA,358754,1455,0.963732,1.57810166428,INDEL,PASS,0.954481,368637,16330,1.84744151249,342424,8426,0.003947,CodingSequence,NA,13317,0.959084
15,WF_b1de70.e6.c187,WF_b1de70.e6,5abbf3c8-0899-4830-8c9c-6ddf3324ac48,"Thu, 17 Jun 2021 20:11:37 GMT",gs://benchmarking-datasets/codingexons.nochr.bed,gs://benchmarking-datasets/HG002_GIAB_highconf_CG-IllFB-IllGATKHC-Ion-Solid-10X_CHROM1-22_v3.3_highconf.bed,gs://benchmarking-datasets/Truth.highconf.CodingExons.vcf.gz,WF_b1de70.e6,_indelSizeDistribution.txt,_indelSizeDistributionPlot.pdf,wes,gs://benchmarking-datasets/GRCh37-lite.fa,gs://benchmarking-datasets/Truth.highconf.WholeExome.vcf.gz,gs://benchmarking-datasets/LabCorp.reheader.vcf.gz,5abbf3c8-0899-4830-8c9c-6ddf3324ac48,gs://benchmarking-datasets/aggregateResults.R,_chrRemoved.vcf.gz,cds,gs://benchmarking-datasets/GRCh37-lite.fa.fai,gs://benchmarking-datasets/indelSizeDistribution_Detailed.R,_indelDistribution_Frombcftools.txt,happyResults_NA24385_NISTv3.3,WF_b1de70.e6.c187,_ConsoleOutput.txt,1755,2.09850604369,3027158,17,0.994937,1.58758722469,SNP,ALL,0.990768,3017337,27946,1.59453803558,2999212,1943,6e-06,CodingSequence,2.10340706423,15276,0.992848
16,WF_b1de70.e6.c187,WF_b1de70.e6,5abbf3c8-0899-4830-8c9c-6ddf3324ac48,"Thu, 17 Jun 2021 20:11:37 GMT",gs://benchmarking-datasets/codingexons.nochr.bed,gs://benchmarking-datasets/HG002_GIAB_highconf_CG-IllFB-IllGATKHC-Ion-Solid-10X_CHROM1-22_v3.3_highconf.bed,gs://benchmarking-datasets/Truth.highconf.CodingExons.vcf.gz,WF_b1de70.e6,_indelSizeDistribution.txt,_indelSizeDistributionPlot.pdf,wes,gs://benchmarking-datasets/GRCh37-lite.fa,gs://benchmarking-datasets/Truth.highconf.WholeExome.vcf.gz,gs://benchmarking-datasets/LabCorp.reheader.vcf.gz,5abbf3c8-0899-4830-8c9c-6ddf3324ac48,gs://benchmarking-datasets/aggregateResults.R,_chrRemoved.vcf.gz,cds,gs://benchmarking-datasets/GRCh37-lite.fa.fai,gs://benchmarking-datasets/indelSizeDistribution_Detailed.R,_indelDistribution_Frombcftools.txt,happyResults_NA24385_NISTv3.3,WF_b1de70.e6.c187,_ConsoleOutput.txt,1755,2.09850604369,3027158,17,0.994937,1.58758722469,SNP,PASS,0.990768,3017337,27946,1.59453803558,2999212,1943,6e-06,CodingSequence,2.10340706423,15276,0.992848
17,WF_b1de70.e6.1a88,WF_b1de70.e6,70d430b3-4ee8-409a-940e-84cce81ce1ab,"Thu, 17 Jun 2021 17:46:22 GMT",gs://benchmarking-datasets/codingexons.nochr.bed,gs://benchmarking-datasets/HG002_GIAB_highconf_CG-IllFB-IllGATKHC-Ion-Solid-10X_CHROM1-22_v3.3_highconf.bed,gs://benchmarking-datasets/Truth.highconf.CodingExons.vcf.gz,WF_b1de70.e6,_indelSizeDistribution.txt,_indelSizeDistributionPlot.pdf,wes,gs://benchmarking-datasets/GRCh37-lite.fa,gs://benchmarking-datasets/Truth.highconf.WholeExome.vcf.gz,gs://benchmarking-datasets/VQSR_HG002-NA24385.recalibrated_variants.vcf.gz,70d430b3-4ee8-409a-940e-84cce81ce1ab,gs://benchmarking-datasets/aggregateResults.R,_chrRemoved.vcf.gz,cds,gs://benchmarking-datasets/GRCh37-lite.fa.fai,gs://benchmarking-datasets/indelSizeDistribution_Detailed.R,_indelDistribution_Frombcftools.txt,happyResults_NA24385_NISTv3.3,WF_b1de70.e6.1a88,_ConsoleOutput.txt,246,NA,358754,26,0.988433,1.57810166428,INDEL,ALL,0.991169,375130,3168,1.79300479114,355586,2342,6.9e-05,WholeExome,NA,4339,0.989799
18,WF_b1de70.e6.1a88,WF_b1de70.e6,70d430b3-4ee8-409a-940e-84cce81ce1ab,"Thu, 17 Jun 2021 17:46:22 GMT",gs://benchmarking-datasets/codingexons.nochr.bed,gs://benchmarking-datasets/HG002_GIAB_highconf_CG-IllFB-IllGATKHC-Ion-Solid-10X_CHROM1-22_v3.3_highconf.bed,gs://benchmarking-datasets/Truth.highconf.CodingExons.vcf.gz,WF_b1de70.e6,_indelSizeDistribution.txt,_indelSizeDistributionPlot.pdf,wes,gs://benchmarking-datasets/GRCh37-lite.fa,gs://benchmarking-datasets/Truth.highconf.WholeExome.vcf.gz,gs://benchmarking-datasets/VQSR_HG002-NA24385.recalibrated_variants.vcf.gz,70d430b3-4ee8-409a-940e-84cce81ce1ab,gs://benchmarking-datasets/aggregateResults.R,_chrRemoved.vcf.gz,cds,gs://benchmarking-datasets/GRCh37-lite.fa.fai,gs://benchmarking-datasets/indelSizeDistribution_Detailed.R,_indelDistribution_Frombcftools.txt,happyResults_NA24385_NISTv3.3,WF_b1de70.e6.1a88,_ConsoleOutput.txt,232,NA,358754,24,0.990835,1.57810166428,INDEL,PASS,0.989954,373837,3604,1.78379790149,355150,2234,6.4e-05,WholeExome,NA,3426,0.990394
19,WF_b1de70.e6.1a88,WF_b1de70.e6,70d430b3-4ee8-409a-940e-84cce81ce1ab,"Thu, 17 Jun 2021 17:46:22 GMT",gs://benchmarking-datasets/codingexons.nochr.bed,gs://benchmarking-datasets/HG002_GIAB_highconf_CG-IllFB-IllGATKHC-Ion-Solid-10X_CHROM1-22_v3.3_highconf.bed,gs://benchmarking-datasets/Truth.highconf.CodingExons.vcf.gz,WF_b1de70.e6,_indelSizeDistribution.txt,_indelSizeDistributionPlot.pdf,wes,gs://benchmarking-datasets/GRCh37-lite.fa,gs://benchmarking-datasets/Truth.highconf.WholeExome.vcf.gz,gs://benchmarking-datasets/VQSR_HG002-NA24385.recalibrated_variants.vcf.gz,70d430b3-4ee8-409a-940e-84cce81ce1ab,gs://benchmarking-datasets/aggregateResults.R,_chrRemoved.vcf.gz,cds,gs://benchmarking-datasets/GRCh37-lite.fa.fai,gs://benchmarking-datasets/indelSizeDistribution_Detailed.R,_indelDistribution_Frombcftools.txt,happyResults_NA24385_NISTv3.3,WF_b1de70.e6.1a88,_ConsoleOutput.txt,711,2.09732377174,3027158,0,0.993578,1.58758722469,SNP,ALL,0.999078,3044378,2791,1.60423405107,3024367,753,0,WholeExome,2.10340706423,19551,0.99632
20,WF_b1de70.e6.1a88,WF_b1de70.e6,70d430b3-4ee8-409a-940e-84cce81ce1ab,"Thu, 17 Jun 2021 17:46:22 GMT",gs://benchmarking-datasets/codingexons.nochr.bed,gs://benchmarking-datasets/HG002_GIAB_highconf_CG-IllFB-IllGATKHC-Ion-Solid-10X_CHROM1-22_v3.3_highconf.bed,gs://benchmarking-datasets/Truth.highconf.CodingExons.vcf.gz,WF_b1de70.e6,_indelSizeDistribution.txt,_indelSizeDistributionPlot.pdf,wes,gs://benchmarking-datasets/GRCh37-lite.fa,gs://benchmarking-datasets/Truth.highconf.WholeExome.vcf.gz,gs://benchmarking-datasets/VQSR_HG002-NA24385.recalibrated_variants.vcf.gz,70d430b3-4ee8-409a-940e-84cce81ce1ab,gs://benchmarking-datasets/aggregateResults.R,_chrRemoved.vcf.gz,cds,gs://benchmarking-datasets/GRCh37-lite.fa.fai,gs://benchmarking-datasets/indelSizeDistribution_Detailed.R,_indelDistribution_Frombcftools.txt,happyResults_NA24385_NISTv3.3,WF_b1de70.e6.1a88,_ConsoleOutput.txt,176,2.10894211332,3027158,0,0.998005,1.58758722469,SNP,PASS,0.984819,2987662,45954,1.61035674052,2981204,404,0,WholeExome,2.10340706423,5961,0.991368
21,WF_b1de70.e6.1a88,WF_b1de70.e6,70d430b3-4ee8-409a-940e-84cce81ce1ab,"Thu, 17 Jun 2021 17:46:22 GMT",gs://benchmarking-datasets/codingexons.nochr.bed,gs://benchmarking-datasets/HG002_GIAB_highconf_CG-IllFB-IllGATKHC-Ion-Solid-10X_CHROM1-22_v3.3_highconf.bed,gs://benchmarking-datasets/Truth.highconf.CodingExons.vcf.gz,WF_b1de70.e6,_indelSizeDistribution.txt,_indelSizeDistributionPlot.pdf,wes,gs://benchmarking-datasets/GRCh37-lite.fa,gs://benchmarking-datasets/Truth.highconf.WholeExome.vcf.gz,gs://benchmarking-datasets/VQSR_HG002-NA24385.recalibrated_variants.vcf.gz,70d430b3-4ee8-409a-940e-84cce81ce1ab,gs://benchmarking-datasets/aggregateResults.R,_chrRemoved.vcf.gz,cds,gs://benchmarking-datasets/GRCh37-lite.fa.fai,gs://benchmarking-datasets/indelSizeDistribution_Detailed.R,_indelDistribution_Frombcftools.txt,happyResults_NA24385_NISTv3.3,WF_b1de70.e6.1a88,_ConsoleOutput.txt,246,NA,358754,26,0.988433,1.57810166428,INDEL,ALL,0.991169,375130,3168,1.79300479114,355586,2342,6.9e-05,CodingSequence,NA,4339,0.989799
22,WF_b1de70.e6.1a88,WF_b1de70.e6,70d430b3-4ee8-409a-940e-84cce81ce1ab,"Thu, 17 Jun 2021 17:46:22 GMT",gs://benchmarking-datasets/codingexons.nochr.bed,gs://benchmarking-datasets/HG002_GIAB_highconf_CG-IllFB-IllGATKHC-Ion-Solid-10X_CHROM1-22_v3.3_highconf.bed,gs://benchmarking-datasets/Truth.highconf.CodingExons.vcf.gz,WF_b1de70.e6,_indelSizeDistribution.txt,_indelSizeDistributionPlot.pdf,wes,gs://benchmarking-datasets/GRCh37-lite.fa,gs://benchmarking-datasets/Truth.highconf.WholeExome.vcf.gz,gs://benchmarking-datasets/VQSR_HG002-NA24385.recalibrated_variants.vcf.gz,70d430b3-4ee8-409a-940e-84cce81ce1ab,gs://benchmarking-datasets/aggregateResults.R,_chrRemoved.vcf.gz,cds,gs://benchmarking-datasets/GRCh37-lite.fa.fai,gs://benchmarking-datasets/indelSizeDistribution_Detailed.R,_indelDistribution_Frombcftools.txt,happyResults_NA24385_NISTv3.3,WF_b1de70.e6.1a88,_ConsoleOutput.txt,232,NA,358754,24,0.990835,1.57810166428,INDEL,PASS,0.989954,373837,3604,1.78379790149,355150,2234,6.4e-05,CodingSequence,NA,3426,0.990394
23,WF_b1de70.e6.1a88,WF_b1de70.e6,70d430b3-4ee8-409a-940e-84cce81ce1ab,"Thu, 17 Jun 2021 17:46:22 GMT",gs://benchmarking-datasets/codingexons.nochr.bed,gs://benchmarking-datasets/HG002_GIAB_highconf_CG-IllFB-IllGATKHC-Ion-Solid-10X_CHROM1-22_v3.3_highconf.bed,gs://benchmarking-datasets/Truth.highconf.CodingExons.vcf.gz,WF_b1de70.e6,_indelSizeDistribution.txt,_indelSizeDistributionPlot.pdf,wes,gs://benchmarking-datasets/GRCh37-lite.fa,gs://benchmarking-datasets/Truth.highconf.WholeExome.vcf.gz,gs://benchmarking-datasets/VQSR_HG002-NA24385.recalibrated_variants.vcf.gz,70d430b3-4ee8-409a-940e-84cce81ce1ab,gs://benchmarking-datasets/aggregateResults.R,_chrRemoved.vcf.gz,cds,gs://benchmarking-datasets/GRCh37-lite.fa.fai,gs://benchmarking-datasets/indelSizeDistribution_Detailed.R,_indelDistribution_Frombcftools.txt,happyResults_NA24385_NISTv3.3,WF_b1de70.e6.1a88,_ConsoleOutput.txt,711,2.09732377174,3027158,0,0.993578,1.58758722469,SNP,ALL,0.999078,3044378,2791,1.60423405107,3024367,753,0,CodingSequence,2.10340706423,19551,0.99632
24,WF_b1de70.e6.1a88,WF_b1de70.e6,70d430b3-4ee8-409a-940e-84cce81ce1ab,"Thu, 17 Jun 2021 17:46:22 GMT",gs://benchmarking-datasets/codingexons.nochr.bed,gs://benchmarking-datasets/HG002_GIAB_highconf_CG-IllFB-IllGATKHC-Ion-Solid-10X_CHROM1-22_v3.3_highconf.bed,gs://benchmarking-datasets/Truth.highconf.CodingExons.vcf.gz,WF_b1de70.e6,_indelSizeDistribution.txt,_indelSizeDistributionPlot.pdf,wes,gs://benchmarking-datasets/GRCh37-lite.fa,gs://benchmarking-datasets/Truth.highconf.WholeExome.vcf.gz,gs://benchmarking-datasets/VQSR_HG002-NA24385.recalibrated_variants.vcf.gz,70d430b3-4ee8-409a-940e-84cce81ce1ab,gs://benchmarking-datasets/aggregateResults.R,_chrRemoved.vcf.gz,cds,gs://benchmarking-datasets/GRCh37-lite.fa.fai,gs://benchmarking-datasets/indelSizeDistribution_Detailed.R,_indelDistribution_Frombcftools.txt,happyResults_NA24385_NISTv3.3,WF_b1de70.e6.1a88,_ConsoleOutput.txt,176,2.10894211332,3027158,0,0.998005,1.58758722469,SNP,PASS,0.984819,2987662,45954,1.61035674052,2981204,404,0,CodingSequence,2.10340706423,5961,0.991368
57,WF_b1de70.e6.03ce,WF_b1de70.e6,9efb3a10-e975-416b-a1e4-c76ea98ee3fd,"Thu, 17 Jun 2021 22:34:05 GMT",gs://benchmarking-datasets/codingexons.nochr.bed,gs://benchmarking-datasets/HG002_GIAB_highconf_CG-IllFB-IllGATKHC-Ion-Solid-10X_CHROM1-22_v3.3_highconf.bed,gs://benchmarking-datasets/Truth.highconf.CodingExons.vcf.gz,WF_b1de70.e6,_indelSizeDistribution.txt,_indelSizeDistributionPlot.pdf,wes,gs://benchmarking-datasets/GRCh37-lite.fa,gs://benchmarking-datasets/Truth.highconf.WholeExome.vcf.gz,gs://benchmarking-datasets/Sentieon.fixed.vcf,9efb3a10-e975-416b-a1e4-c76ea98ee3fd,gs://benchmarking-datasets/aggregateResults.R,_chrRemoved.vcf.gz,cds,gs://benchmarking-datasets/GRCh37-lite.fa.fai,gs://benchmarking-datasets/indelSizeDistribution_Detailed.R,_indelDistribution_Frombcftools.txt,happyResults_NA24385_NISTv3.3,WF_b1de70.e6.03ce,_ConsoleOutput.txt,231,NA,358754,21,0.991223,1.57810166428,INDEL,ALL,0.99212,374304,2827,1.78203007576,355927,2496,5.6e-05,WholeExome,NA,3285,0.991671
58,WF_b1de70.e6.03ce,WF_b1de70.e6,9efb3a10-e975-416b-a1e4-c76ea98ee3fd,"Thu, 17 Jun 2021 22:34:05 GMT",gs://benchmarking-datasets/codingexons.nochr.bed,gs://benchmarking-datasets/HG002_GIAB_highconf_CG-IllFB-IllGATKHC-Ion-Solid-10X_CHROM1-22_v3.3_highconf.bed,gs://benchmarking-datasets/Truth.highconf.CodingExons.vcf.gz,WF_b1de70.e6,_indelSizeDistribution.txt,_indelSizeDistributionPlot.pdf,wes,gs://benchmarking-datasets/GRCh37-lite.fa,gs://benchmarking-datasets/Truth.highconf.WholeExome.vcf.gz,gs://benchmarking-datasets/Sentieon.fixed.vcf,9efb3a10-e975-416b-a1e4-c76ea98ee3fd,gs://benchmarking-datasets/aggregateResults.R,_chrRemoved.vcf.gz,cds,gs://benchmarking-datasets/GRCh37-lite.fa.fai,gs://benchmarking-datasets/indelSizeDistribution_Detailed.R,_indelDistribution_Frombcftools.txt,happyResults_NA24385_NISTv3.3,WF_b1de70.e6.03ce,_ConsoleOutput.txt,231,NA,358754,21,0.991223,1.57810166428,INDEL,PASS,0.99212,374304,2827,1.78203007576,355927,2496,5.6e-05,WholeExome,NA,3285,0.991671
59,WF_b1de70.e6.03ce,WF_b1de70.e6,9efb3a10-e975-416b-a1e4-c76ea98ee3fd,"Thu, 17 Jun 2021 22:34:05 GMT",gs://benchmarking-datasets/codingexons.nochr.bed,gs://benchmarking-datasets/HG002_GIAB_highconf_CG-IllFB-IllGATKHC-Ion-Solid-10X_CHROM1-22_v3.3_highconf.bed,gs://benchmarking-datasets/Truth.highconf.CodingExons.vcf.gz,WF_b1de70.e6,_indelSizeDistribution.txt,_indelSizeDistributionPlot.pdf,wes,gs://benchmarking-datasets/GRCh37-lite.fa,gs://benchmarking-datasets/Truth.highconf.WholeExome.vcf.gz,gs://benchmarking-datasets/Sentieon.fixed.vcf,9efb3a10-e975-416b-a1e4-c76ea98ee3fd,gs://benchmarking-datasets/aggregateResults.R,_chrRemoved.vcf.gz,cds,gs://benchmarking-datasets/GRCh37-lite.fa.fai,gs://benchmarking-datasets/indelSizeDistribution_Detailed.R,_indelDistribution_Frombcftools.txt,happyResults_NA24385_NISTv3.3,WF_b1de70.e6.03ce,_ConsoleOutput.txt,423,2.1005958744,3027158,0,0.998506,1.58758722469,SNP,ALL,0.999219,3030415,2364,1.59174381779,3024794,345,0,WholeExome,2.10340706423,4527,0.998862
60,WF_b1de70.e6.03ce,WF_b1de70.e6,9efb3a10-e975-416b-a1e4-c76ea98ee3fd,"Thu, 17 Jun 2021 22:34:05 GMT",gs://benchmarking-datasets/codingexons.nochr.bed,gs://benchmarking-datasets/HG002_GIAB_highconf_CG-IllFB-IllGATKHC-Ion-Solid-10X_CHROM1-22_v3.3_highconf.bed,gs://benchmarking-datasets/Truth.highconf.CodingExons.vcf.gz,WF_b1de70.e6,_indelSizeDistribution.txt,_indelSizeDistributionPlot.pdf,wes,gs://benchmarking-datasets/GRCh37-lite.fa,gs://benchmarking-datasets/Truth.highconf.WholeExome.vcf.gz,gs://benchmarking-datasets/Sentieon.fixed.vcf,9efb3a10-e975-416b-a1e4-c76ea98ee3fd,gs://benchmarking-datasets/aggregateResults.R,_chrRemoved.vcf.gz,cds,gs://benchmarking-datasets/GRCh37-lite.fa.fai,gs://benchmarking-datasets/indelSizeDistribution_Detailed.R,_indelDistribution_Frombcftools.txt,happyResults_NA24385_NISTv3.3,WF_b1de70.e6.03ce,_ConsoleOutput.txt,423,2.1005958744,3027158,0,0.998506,1.58758722469,SNP,PASS,0.999219,3030415,2364,1.59174381779,3024794,345,0,WholeExome,2.10340706423,4527,0.998862
61,WF_b1de70.e6.03ce,WF_b1de70.e6,9efb3a10-e975-416b-a1e4-c76ea98ee3fd,"Thu, 17 Jun 2021 22:34:05 GMT",gs://benchmarking-datasets/codingexons.nochr.bed,gs://benchmarking-datasets/HG002_GIAB_highconf_CG-IllFB-IllGATKHC-Ion-Solid-10X_CHROM1-22_v3.3_highconf.bed,gs://benchmarking-datasets/Truth.highconf.CodingExons.vcf.gz,WF_b1de70.e6,_indelSizeDistribution.txt,_indelSizeDistributionPlot.pdf,wes,gs://benchmarking-datasets/GRCh37-lite.fa,gs://benchmarking-datasets/Truth.highconf.WholeExome.vcf.gz,gs://benchmarking-datasets/Sentieon.fixed.vcf,9efb3a10-e975-416b-a1e4-c76ea98ee3fd,gs://benchmarking-datasets/aggregateResults.R,_chrRemoved.vcf.gz,cds,gs://benchmarking-datasets/GRCh37-lite.fa.fai,gs://benchmarking-datasets/indelSizeDistribution_Detailed.R,_indelDistribution_Frombcftools.txt,happyResults_NA24385_NISTv3.3,WF_b1de70.e6.03ce,_ConsoleOutput.txt,231,NA,358754,21,0.991223,1.57810166428,INDEL,ALL,0.99212,374304,2827,1.78203007576,355927,2496,5.6e-05,CodingSequence,NA,3285,0.991671
62,WF_b1de70.e6.03ce,WF_b1de70.e6,9efb3a10-e975-416b-a1e4-c76ea98ee3fd,"Thu, 17 Jun 2021 22:34:05 GMT",gs://benchmarking-datasets/codingexons.nochr.bed,gs://benchmarking-datasets/HG002_GIAB_highconf_CG-IllFB-IllGATKHC-Ion-Solid-10X_CHROM1-22_v3.3_highconf.bed,gs://benchmarking-datasets/Truth.highconf.CodingExons.vcf.gz,WF_b1de70.e6,_indelSizeDistribution.txt,_indelSizeDistributionPlot.pdf,wes,gs://benchmarking-datasets/GRCh37-lite.fa,gs://benchmarking-datasets/Truth.highconf.WholeExome.vcf.gz,gs://benchmarking-datasets/Sentieon.fixed.vcf,9efb3a10-e975-416b-a1e4-c76ea98ee3fd,gs://benchmarking-datasets/aggregateResults.R,_chrRemoved.vcf.gz,cds,gs://benchmarking-datasets/GRCh37-lite.fa.fai,gs://benchmarking-datasets/indelSizeDistribution_Detailed.R,_indelDistribution_Frombcftools.txt,happyResults_NA24385_NISTv3.3,WF_b1de70.e6.03ce,_ConsoleOutput.txt,231,NA,358754,21,0.991223,1.57810166428,INDEL,PASS,0.99212,374304,2827,1.78203007576,355927,2496,5.6e-05,CodingSequence,NA,3285,0.991671
63,WF_b1de70.e6.03ce,WF_b1de70.e6,9efb3a10-e975-416b-a1e4-c76ea98ee3fd,"Thu, 17 Jun 2021 22:34:05 GMT",gs://benchmarking-datasets/codingexons.nochr.bed,gs://benchmarking-datasets/HG002_GIAB_highconf_CG-IllFB-IllGATKHC-Ion-Solid-10X_CHROM1-22_v3.3_highconf.bed,gs://benchmarking-datasets/Truth.highconf.CodingExons.vcf.gz,WF_b1de70.e6,_indelSizeDistribution.txt,_indelSizeDistributionPlot.pdf,wes,gs://benchmarking-datasets/GRCh37-lite.fa,gs://benchmarking-datasets/Truth.highconf.WholeExome.vcf.gz,gs://benchmarking-datasets/Sentieon.fixed.vcf,9efb3a10-e975-416b-a1e4-c76ea98ee3fd,gs://benchmarking-datasets/aggregateResults.R,_chrRemoved.vcf.gz,cds,gs://benchmarking-datasets/GRCh37-lite.fa.fai,gs://benchmarking-datasets/indelSizeDistribution_Detailed.R,_indelDistribution_Frombcftools.txt,happyResults_NA24385_NISTv3.3,WF_b1de70.e6.03ce,_ConsoleOutput.txt,423,2.1005958744,3027158,0,0.998506,1.58758722469,SNP,ALL,0.999219,3030415,2364,1.59174381779,3024794,345,0,CodingSequence,2.10340706423,4527,0.998862
64,WF_b1de70.e6.03ce,WF_b1de70.e6,9efb3a10-e975-416b-a1e4-c76ea98ee3fd,"Thu, 17 Jun 2021 22:34:05 GMT",gs://benchmarking-datasets/codingexons.nochr.bed,gs://benchmarking-datasets/HG002_GIAB_highconf_CG-IllFB-IllGATKHC-Ion-Solid-10X_CHROM1-22_v3.3_highconf.bed,gs://benchmarking-datasets/Truth.highconf.CodingExons.vcf.gz,WF_b1de70.e6,_indelSizeDistribution.txt,_indelSizeDistributionPlot.pdf,wes,gs://benchmarking-datasets/GRCh37-lite.fa,gs://benchmarking-datasets/Truth.highconf.WholeExome.vcf.gz,gs://benchmarking-datasets/Sentieon.fixed.vcf,9efb3a10-e975-416b-a1e4-c76ea98ee3fd,gs://benchmarking-datasets/aggregateResults.R,_chrRemoved.vcf.gz,cds,gs://benchmarking-datasets/GRCh37-lite.fa.fai,gs://benchmarking-datasets/indelSizeDistribution_Detailed.R,_indelDistribution_Frombcftools.txt,happyResults_NA24385_NISTv3.3,WF_b1de70.e6.03ce,_ConsoleOutput.txt,423,2.1005958744,3027158,0,0.998506,1.58758722469,SNP,PASS,0.999219,3030415,2364,1.59174381779,3024794,345,0,CodingSequence,2.10340706423,4527,0.998862
49,WF_b1de70.e6.b2d3,WF_b1de70.e6,b4a9ecb5-3320-4d1e-a91c-488d76ce589a,"Thu, 17 Jun 2021 22:06:24 GMT",gs://benchmarking-datasets/codingexons.nochr.bed,gs://benchmarking-datasets/HG002_GIAB_highconf_CG-IllFB-IllGATKHC-Ion-Solid-10X_CHROM1-22_v3.3_highconf.bed,gs://benchmarking-datasets/Truth.highconf.CodingExons.vcf.gz,WF_b1de70.e6,_indelSizeDistribution.txt,_indelSizeDistributionPlot.pdf,wes,gs://benchmarking-datasets/GRCh37-lite.fa,gs://benchmarking-datasets/Truth.highconf.WholeExome.vcf.gz,gs://benchmarking-datasets/GENALICE_HG002-NA24385.vcf.gz,b4a9ecb5-3320-4d1e-a91c-488d76ce589a,gs://benchmarking-datasets/aggregateResults.R,_chrRemoved.vcf.gz,cds,gs://benchmarking-datasets/GRCh37-lite.fa.fai,gs://benchmarking-datasets/indelSizeDistribution_Detailed.R,_indelDistribution_Frombcftools.txt,happyResults_NA24385_NISTv3.3,WF_b1de70.e6.b2d3,_ConsoleOutput.txt,3724,NA,358754,238,0.949789,1.57810166428,INDEL,ALL,0.945531,365659,19541,1.56372786288,339213,12509,0.000651,WholeExome,NA,18348,0.947655
50,WF_b1de70.e6.b2d3,WF_b1de70.e6,b4a9ecb5-3320-4d1e-a91c-488d76ce589a,"Thu, 17 Jun 2021 22:06:24 GMT",gs://benchmarking-datasets/codingexons.nochr.bed,gs://benchmarking-datasets/HG002_GIAB_highconf_CG-IllFB-IllGATKHC-Ion-Solid-10X_CHROM1-22_v3.3_highconf.bed,gs://benchmarking-datasets/Truth.highconf.CodingExons.vcf.gz,WF_b1de70.e6,_indelSizeDistribution.txt,_indelSizeDistributionPlot.pdf,wes,gs://benchmarking-datasets/GRCh37-lite.fa,gs://benchmarking-datasets/Truth.highconf.WholeExome.vcf.gz,gs://benchmarking-datasets/GENALICE_HG002-NA24385.vcf.gz,b4a9ecb5-3320-4d1e-a91c-488d76ce589a,gs://benchmarking-datasets/aggregateResults.R,_chrRemoved.vcf.gz,cds,gs://benchmarking-datasets/GRCh37-lite.fa.fai,gs://benchmarking-datasets/indelSizeDistribution_Detailed.R,_indelDistribution_Frombcftools.txt,happyResults_NA24385_NISTv3.3,WF_b1de70.e6.b2d3,_ConsoleOutput.txt,3724,NA,358754,238,0.949789,1.57810166428,INDEL,PASS,0.945531,365659,19541,1.56372786288,339213,12509,0.000651,WholeExome,NA,18348,0.947655
51,WF_b1de70.e6.b2d3,WF_b1de70.e6,b4a9ecb5-3320-4d1e-a91c-488d76ce589a,"Thu, 17 Jun 2021 22:06:24 GMT",gs://benchmarking-datasets/codingexons.nochr.bed,gs://benchmarking-datasets/HG002_GIAB_highconf_CG-IllFB-IllGATKHC-Ion-Solid-10X_CHROM1-22_v3.3_highconf.bed,gs://benchmarking-datasets/Truth.highconf.CodingExons.vcf.gz,WF_b1de70.e6,_indelSizeDistribution.txt,_indelSizeDistributionPlot.pdf,wes,gs://benchmarking-datasets/GRCh37-lite.fa,gs://benchmarking-datasets/Truth.highconf.WholeExome.vcf.gz,gs://benchmarking-datasets/GENALICE_HG002-NA24385.vcf.gz,b4a9ecb5-3320-4d1e-a91c-488d76ce589a,gs://benchmarking-datasets/aggregateResults.R,_chrRemoved.vcf.gz,cds,gs://benchmarking-datasets/GRCh37-lite.fa.fai,gs://benchmarking-datasets/indelSizeDistribution_Detailed.R,_indelDistribution_Frombcftools.txt,happyResults_NA24385_NISTv3.3,WF_b1de70.e6.b2d3,_ConsoleOutput.txt,3065,2.09994872479,3027158,0,0.995569,1.58758722469,SNP,ALL,0.993765,3022260,18874,1.58301067529,3008284,2587,0,WholeExome,2.10340706423,13391,0.994666
52,WF_b1de70.e6.b2d3,WF_b1de70.e6,b4a9ecb5-3320-4d1e-a91c-488d76ce589a,"Thu, 17 Jun 2021 22:06:24 GMT",gs://benchmarking-datasets/codingexons.nochr.bed,gs://benchmarking-datasets/HG002_GIAB_highconf_CG-IllFB-IllGATKHC-Ion-Solid-10X_CHROM1-22_v3.3_highconf.bed,gs://benchmarking-datasets/Truth.highconf.CodingExons.vcf.gz,WF_b1de70.e6,_indelSizeDistribution.txt,_indelSizeDistributionPlot.pdf,wes,gs://benchmarking-datasets/GRCh37-lite.fa,gs://benchmarking-datasets/Truth.highconf.WholeExome.vcf.gz,gs://benchmarking-datasets/GENALICE_HG002-NA24385.vcf.gz,b4a9ecb5-3320-4d1e-a91c-488d76ce589a,gs://benchmarking-datasets/aggregateResults.R,_chrRemoved.vcf.gz,cds,gs://benchmarking-datasets/GRCh37-lite.fa.fai,gs://benchmarking-datasets/indelSizeDistribution_Detailed.R,_indelDistribution_Frombcftools.txt,happyResults_NA24385_NISTv3.3,WF_b1de70.e6.b2d3,_ConsoleOutput.txt,3065,2.09994872479,3027158,0,0.995569,1.58758722469,SNP,PASS,0.993765,3022260,18874,1.58301067529,3008284,2587,0,WholeExome,2.10340706423,13391,0.994666
53,WF_b1de70.e6.b2d3,WF_b1de70.e6,b4a9ecb5-3320-4d1e-a91c-488d76ce589a,"Thu, 17 Jun 2021 22:06:24 GMT",gs://benchmarking-datasets/codingexons.nochr.bed,gs://benchmarking-datasets/HG002_GIAB_highconf_CG-IllFB-IllGATKHC-Ion-Solid-10X_CHROM1-22_v3.3_highconf.bed,gs://benchmarking-datasets/Truth.highconf.CodingExons.vcf.gz,WF_b1de70.e6,_indelSizeDistribution.txt,_indelSizeDistributionPlot.pdf,wes,gs://benchmarking-datasets/GRCh37-lite.fa,gs://benchmarking-datasets/Truth.highconf.WholeExome.vcf.gz,gs://benchmarking-datasets/GENALICE_HG002-NA24385.vcf.gz,b4a9ecb5-3320-4d1e-a91c-488d76ce589a,gs://benchmarking-datasets/aggregateResults.R,_chrRemoved.vcf.gz,cds,gs://benchmarking-datasets/GRCh37-lite.fa.fai,gs://benchmarking-datasets/indelSizeDistribution_Detailed.R,_indelDistribution_Frombcftools.txt,happyResults_NA24385_NISTv3.3,WF_b1de70.e6.b2d3,_ConsoleOutput.txt,3724,NA,358754,238,0.949789,1.57810166428,INDEL,ALL,0.945531,365659,19541,1.56372786288,339213,12509,0.000651,CodingSequence,NA,18348,0.947655
54,WF_b1de70.e6.b2d3,WF_b1de70.e6,b4a9ecb5-3320-4d1e-a91c-488d76ce589a,"Thu, 17 Jun 2021 22:06:24 GMT",gs://benchmarking-datasets/codingexons.nochr.bed,gs://benchmarking-datasets/HG002_GIAB_highconf_CG-IllFB-IllGATKHC-Ion-Solid-10X_CHROM1-22_v3.3_highconf.bed,gs://benchmarking-datasets/Truth.highconf.CodingExons.vcf.gz,WF_b1de70.e6,_indelSizeDistribution.txt,_indelSizeDistributionPlot.pdf,wes,gs://benchmarking-datasets/GRCh37-lite.fa,gs://benchmarking-datasets/Truth.highconf.WholeExome.vcf.gz,gs://benchmarking-datasets/GENALICE_HG002-NA24385.vcf.gz,b4a9ecb5-3320-4d1e-a91c-488d76ce589a,gs://benchmarking-datasets/aggregateResults.R,_chrRemoved.vcf.gz,cds,gs://benchmarking-datasets/GRCh37-lite.fa.fai,gs://benchmarking-datasets/indelSizeDistribution_Detailed.R,_indelDistribution_Frombcftools.txt,happyResults_NA24385_NISTv3.3,WF_b1de70.e6.b2d3,_ConsoleOutput.txt,3724,NA,358754,238,0.949789,1.57810166428,INDEL,PASS,0.945531,365659,19541,1.56372786288,339213,12509,0.000651,CodingSequence,NA,18348,0.947655
55,WF_b1de70.e6.b2d3,WF_b1de70.e6,b4a9ecb5-3320-4d1e-a91c-488d76ce589a,"Thu, 17 Jun 2021 22:06:24 GMT",gs://benchmarking-datasets/codingexons.nochr.bed,gs://benchmarking-datasets/HG002_GIAB_highconf_CG-IllFB-IllGATKHC-Ion-Solid-10X_CHROM1-22_v3.3_highconf.bed,gs://benchmarking-datasets/Truth.highconf.CodingExons.vcf.gz,WF_b1de70.e6,_indelSizeDistribution.txt,_indelSizeDistributionPlot.pdf,wes,gs://benchmarking-datasets/GRCh37-lite.fa,gs://benchmarking-datasets/Truth.highconf.WholeExome.vcf.gz,gs://benchmarking-datasets/GENALICE_HG002-NA24385.vcf.gz,b4a9ecb5-3320-4d1e-a91c-488d76ce589a,gs://benchmarking-datasets/aggregateResults.R,_chrRemoved.vcf.gz,cds,gs://benchmarking-datasets/GRCh37-lite.fa.fai,gs://benchmarking-datasets/indelSizeDistribution_Detailed.R,_indelDistribution_Frombcftools.txt,happyResults_NA24385_NISTv3.3,WF_b1de70.e6.b2d3,_ConsoleOutput.txt,3065,2.09994872479,3027158,0,0.995569,1.58758722469,SNP,ALL,0.993765,3022260,18874,1.58301067529,3008284,2587,0,CodingSequence,2.10340706423,13391,0.994666
56,WF_b1de70.e6.b2d3,WF_b1de70.e6,b4a9ecb5-3320-4d1e-a91c-488d76ce589a,"Thu, 17 Jun 2021 22:06:24 GMT",gs://benchmarking-datasets/codingexons.nochr.bed,gs://benchmarking-datasets/HG002_GIAB_highconf_CG-IllFB-IllGATKHC-Ion-Solid-10X_CHROM1-22_v3.3_highconf.bed,gs://benchmarking-datasets/Truth.highconf.CodingExons.vcf.gz,WF_b1de70.e6,_indelSizeDistribution.txt,_indelSizeDistributionPlot.pdf,wes,gs://benchmarking-datasets/GRCh37-lite.fa,gs://benchmarking-datasets/Truth.highconf.WholeExome.vcf.gz,gs://benchmarking-datasets/GENALICE_HG002-NA24385.vcf.gz,b4a9ecb5-3320-4d1e-a91c-488d76ce589a,gs://benchmarking-datasets/aggregateResults.R,_chrRemoved.vcf.gz,cds,gs://benchmarking-datasets/GRCh37-lite.fa.fai,gs://benchmarking-datasets/indelSizeDistribution_Detailed.R,_indelDistribution_Frombcftools.txt,happyResults_NA24385_NISTv3.3,WF_b1de70.e6.b2d3,_ConsoleOutput.txt,3065,2.09994872479,3027158,0,0.995569,1.58758722469,SNP,PASS,0.993765,3022260,18874,1.58301067529,3008284,2587,0,CodingSequence,2.10340706423,13391,0.994666